review_text,sentiment
Materinya lengkap dan gampang dipahami jadi makin semangat belajar,2
Penjelasan instruktur jelas dan runtut sangat membantu,2
Platform pembelajarannya user friendly dan jarang error,2
Ilmunya relevan dan bisa langsung dipraktikkan,2
Fitur yang disediakan cukup lengkap dan bermanfaat,2
Materinya kurang update dan terasa membosankan,0
Penjelasan terlalu cepat jadi susah dipahami,0
Platform sering lambat saat diakses sangat mengganggu,0
Fitur tidak sesuai dengan yang dijanjikan,0
Pelayanan kurang responsif dan tidak membantu,0
Materinya cukup baik tapi masih bisa ditingkatkan,1
Penjelasan lumayan jelas meskipun ada bagian yang membingungkan,1
Platformnya standar tidak terlalu istimewa,1
Fitur yang ada membantu tapi tidak terlalu lengkap,1
Kualitas materi biasa saja sesuai dengan harga,1
Sistem pembelajarannya sangat membantu dan efektif,2
Instruktur berpengalaman dan komunikatif,2
Akses materi sering bermasalah dan mengecewakan,0
Beberapa materi menarik tapi sebagian kurang jelas,1
Secara keseluruhan layanan ini cukup memuaskan,2
